[
    {
        "question": "How do I contact Downey City Hall?",
        "answer": "You can contact Downey City Hall by phone at (562) 904-7274 or by email at info@downeyca.org. "
    },
    {
        "question": "What are the main functions of Downey City Council?",
        "answer": "The Downey City Council establishes policies, enacts laws, adopts the budget, and oversees municipal operations. "
    },
    {
        "question": "How can I access Downey’s Municipal Code?",
        "answer": "The Downey Municipal Code is available online in the \"City Clerk\" section of the website.  City Services"
    },
    {
        "question": "How can I request bulk trash pickup?",
        "answer": "To request bulk trash pickup, contact CalMet Services at (562) 259-1239 or submit a request on the City’s website. "
    },
    {
        "question": "What should I do if my water service is interrupted?",
        "answer": "If your water service is interrupted, contact the Utilities Division at (562) 904-7202. "
    },
    {
        "question": "Where can I find information about street sweeping schedules?",
        "answer": "Street sweeping schedules are listed under the \"Public Works\" section on the City’s website. "
    },
    {
        "question": "How do I report a pothole?",
        "answer": "You can report a pothole by submitting a service request on the City’s website or calling the Public Works Department at (562) 904-7102.  Parks and Recreation"
    },
    {
        "question": "Are picnic areas available for reservation in Downey parks?",
        "answer": "Yes, picnic areas can be reserved through the Parks & Recreation Department by visiting their section on the City’s website. "
    },
    {
        "question": "What sports programs are available for youth in Downey?",
        "answer": "Downey offers youth sports programs, including basketball, soccer, and baseball. Details are available in the Parks & Recreation section. "
    },
    {
        "question": "Where can I find information about senior programs in Downey?",
        "answer": "Senior programs are detailed on the City’s website under the \"Parks & Recreation\" section.  Public Safety"
    },
    {
        "question": "How can I apply for a block party permit?",
        "answer": "Block party permits can be obtained from the Police Department’s section on the City’s website. "
    },
    {
        "question": "How do I file a non-emergency police report?",
        "answer": "Non-emergency police reports can be filed online through the Police Department’s page or by calling (562) 904-2340. "
    },
    {
        "question": "What is the procedure for reporting graffiti?",
        "answer": "To report graffiti, use the City’s Graffiti Removal Hotline at (562) 923-4484 or submit a report online.  Community Events and Programs"
    },
    {
        "question": "How can I find information about Downey's Farmers Market?",
        "answer": "Details about the Farmers Market are available in the \"Events\" section on the City’s website. "
    },
    {
        "question": "What is the annual Downey Tree Lighting Ceremony?",
        "answer": "The Tree Lighting Ceremony is a holiday tradition held in December at the Civic Center. "
    },
    {
        "question": "How can I participate in Downey’s Earth Day events?",
        "answer": "Information about Earth Day events can be found under the \"Community Events\" section on the website.  Business and Permits"
    },
    {
        "question": "How do I schedule a building inspection?",
        "answer": "Building inspections can be scheduled online through the City’s website or by calling (562) 904-7142. "
    },
    {
        "question": "What permits are required for hosting a special event in Downey?",
        "answer": "Special event permits are required and can be applied for through the \"City Clerk\" section of the website. "
    },
    {
        "question": "How do I check the zoning of a property in Downey?",
        "answer": "Zoning information can be found using the interactive zoning map available in the \"Planning\" section.  Transportation"
    },
    {
        "question": "Is Downey Link service accessible for individuals with disabilities?",
        "answer": "Yes, Downey Link buses are wheelchair accessible and offer services for individuals with disabilities. "
    },
    {
        "question": "Where can I find bike trails in Downey?",
        "answer": "Bike trails are listed under the \"Parks & Recreation\" section on the City’s website.  Library Services"
    },
    {
        "question": "Does the Downey City Library offer digital resources?",
        "answer": "Yes, the library offers eBooks, audiobooks, and online databases accessible with a library card. "
    },
    {
        "question": "Are meeting rooms available for public use at the library?",
        "answer": "Yes, meeting rooms can be reserved by contacting the library directly.  Environment and Sustainability"
    },
    {
        "question": "How can I report illegal dumping?",
        "answer": "Report illegal dumping by calling the Public Works Department at (562) 904-7102 or submitting a request online. "
    },
    {
        "question": "What recycling programs are available in Downey?",
        "answer": "Downey offers curbside recycling and electronic waste recycling events. Details are available in the \"Public Works\" section. "
    },
    {
        "question": "How can I participate in Downey’s tree planting program?",
        "answer": "Information about the tree planting program is available in the \"Public Works\" section.   General Information "
    },
    {
        "question": "How can I contact the Public Works Department directly?",
        "answer": "You can contact the Public Works Department at (562) 904-7102 or via email at publicworks@downeyca.org. "
    },
    {
        "question": "What services does the Public Works Department provide?",
        "answer": "The Public Works Department oversees street maintenance, water and sewer services, stormwater management, trash collection, and public infrastructure projects. "
    },
    {
        "question": "How do I submit a general inquiry to the Public Works Department?",
        "answer": "General inquiries can be submitted through the Public Works page on the City’s website under the \"Contact Us\" section.  Utilities"
    },
    {
        "question": "Who should I contact for questions about my water bill?",
        "answer": "For water bill inquiries, contact the Utilities Billing Division at (562) 904-7246. "
    },
    {
        "question": "How do I report low water pressure?",
        "answer": "Report low water pressure to the Utilities Division at (562) 904-7202. "
    },
    {
        "question": "Are water quality reports available online?",
        "answer": "Yes, the annual water quality report is available on the City’s website under \"Utilities.\"  Maintenance Services"
    },
    {
        "question": "How often are city trees trimmed?",
        "answer": "City trees are typically trimmed every 5 to 7 years, depending on their species and location. "
    },
    {
        "question": "How can I request a new tree planting in my neighborhood?",
        "answer": "New tree planting requests can be submitted to the Maintenance Services Division at (562) 904-7194. "
    },
    {
        "question": "Who do I contact about damaged or missing street signs?",
        "answer": "Report damaged or missing street signs to the Maintenance Services Division at (562) 904-7194. "
    },
    {
        "question": "How can I report an overgrown median or public area?",
        "answer": "Contact the Maintenance Services Division at (562) 904-7194 to report overgrown public spaces. "
    },
    {
        "question": "Does the city provide sandbags during heavy rains?",
        "answer": "Yes, sandbags are available at designated locations. Contact the Public Works Department for more information.  Trash and Recycling"
    },
    {
        "question": "Where can I find a schedule for bulky item pickup?",
        "answer": "Bulky item pickup schedules are available through Athens Services. Contact them at (562) 259-1239. "
    },
    {
        "question": "What items are accepted for curbside recycling?",
        "answer": "Accepted items include paper, cardboard, plastic containers, glass bottles, and aluminum cans. Check the City’s website for details. "
    },
    {
        "question": "How can I dispose of old appliances?",
        "answer": "Old appliances can be picked up during bulky item collection or taken to designated recycling centers. "
    },
    {
        "question": "Are there any e-waste recycling events in Downey?",
        "answer": "Yes, e-waste recycling events are held periodically. Check the City’s website for the event schedule.  Engineering"
    },
    {
        "question": "How can I view the city’s capital improvement projects?",
        "answer": "A list of capital improvement projects is available under the \"Engineering\" section on the Public Works page. "
    },
    {
        "question": "What is the process for obtaining an encroachment permit?",
        "answer": "Encroachment permits can be applied for through the Engineering Division by submitting the necessary forms and fees. "
    },
    {
        "question": "How can I check the status of a permit?",
        "answer": "Permit statuses can be checked by contacting the Engineering Division at (562) 904-7110. "
    },
    {
        "question": "What is required for driveway construction permits?",
        "answer": "Driveway construction requires an encroachment permit and approval from the Engineering Division. "
    },
    {
        "question": "Are traffic studies conducted for new developments?",
        "answer": "Yes, traffic studies are required for new developments and are reviewed by the Engineering Division.  Traffic and Transportation"
    },
    {
        "question": "How do I request a crosswalk installation?",
        "answer": "Requests for crosswalk installations can be made through the Engineering Division at (562) 904-7110. "
    },
    {
        "question": "Who is responsible for repairing damaged sidewalks?",
        "answer": "Property owners are typically responsible for sidewalk repairs, but the city may assist in some cases through sidewalk programs. "
    },
    {
        "question": "How do I report a dead-end street sign that needs replacement?",
        "answer": "Contact the Maintenance Services Division at (562) 904-7194 to report dead-end sign issues. "
    },
    {
        "question": "What should I do if I notice frequent speeding in my area?",
        "answer": "Contact the Engineering Division to inquire about traffic calming measures, such as speed humps or stop signs.  Environment and Sustainability"
    },
    {
        "question": "How does the city manage stormwater runoff?",
        "answer": "The city manages stormwater runoff through a system of storm drains and implements measures to reduce pollution. "
    },
    {
        "question": "Are there rebates for water-saving appliances?",
        "answer": "Yes, rebates for water-saving appliances are available through the City’s participation in local conservation programs. "
    },
    {
        "question": "How do I learn more about Downey’s water conservation initiatives?",
        "answer": "Information on water conservation initiatives can be found on the City’s website under the \"Utilities\" section.  General Information"
    },
    {
        "question": "How can I report an issue to the Public Works Department after business hours?",
        "answer": "For emergencies after hours, contact the Downey Police Department’s non-emergency line at (562) 904-2354, and they will notify the appropriate Public Works staff. "
    },
    {
        "question": "How do I access Public Works-related forms and applications?",
        "answer": "Forms and applications are available on the Public Works page of the City’s website under the \"Resources\" section.  Utilities"
    },
    {
        "question": "How often are water meters read in Downey?",
        "answer": "Water meters are typically read monthly to generate accurate billing statements. "
    },
    {
        "question": "Can I get my water tested for quality?",
        "answer": "Yes, you can request water quality testing through the Utilities Division. Contact them at (562) 904-7202 for assistance. "
    },
    {
        "question": "What should I do if I experience a sudden increase in my water bill?",
        "answer": "Contact the Utilities Billing Division at (562) 904-7246 to investigate potential leaks or billing errors.  Maintenance Services"
    },
    {
        "question": "How often is street sweeping conducted?",
        "answer": "Street sweeping is conducted weekly in residential areas and more frequently in commercial areas. "
    },
    {
        "question": "What is the process for requesting sidewalk repairs?",
        "answer": "Sidewalk repair requests can be submitted online through the Public Works service request portal or by calling (562) 904-7194. "
    },
    {
        "question": "How does the city manage fallen trees after a storm?",
        "answer": "The Maintenance Services Division prioritizes clearing fallen trees in public areas and rights-of-way. Report fallen trees at (562) 904-7194. "
    },
    {
        "question": "Are city-maintained trees available for adoption or sponsorship?",
        "answer": "Yes, the city offers tree sponsorship programs. Contact the Maintenance Services Division for more details. "
    },
    {
        "question": "How are traffic signal outages managed in Downey?",
        "answer": "Traffic signal outages are handled by the Maintenance Services Division. Report issues at (562) 904-7110.  Trash and Recycling"
    },
    {
        "question": "Can I request a larger or smaller trash bin?",
        "answer": "Yes, you can request a change in bin size by contacting Athens Services at (562) 259-1239. "
    },
    {
        "question": "Are there composting workshops available for residents?",
        "answer": "Yes, the City occasionally hosts composting workshops. Check the Public Works events page for upcoming dates. "
    },
    {
        "question": "What materials are prohibited in curbside trash collection?",
        "answer": "Prohibited items include hazardous waste, construction debris, and e-waste. Contact Athens Services for disposal options. "
    },
    {
        "question": "How do I schedule an extra trash pickup?",
        "answer": "Additional pickups can be scheduled directly with Athens Services for a fee. "
    },
    {
        "question": "Does the city provide free recycling bins?",
        "answer": "Yes, the City provides recycling bins as part of its waste management services. Contact Athens Services to request one.  Engineering"
    },
    {
        "question": "Are there guidelines for driveway slope and design?",
        "answer": "Yes, driveway slope and design guidelines are outlined in the City’s engineering standards. Contact the Engineering Division for more information. "
    },
    {
        "question": "How do I report flooding on my street?",
        "answer": "Report flooding to the Public Works Department at (562) 904-7102. "
    },
    {
        "question": "How do I apply for a construction permit for street work?",
        "answer": "Apply for a construction permit through the Engineering Division by submitting plans and a permit application. "
    },
    {
        "question": "What is the process for requesting a utility line location before digging?",
        "answer": "Call 811 at least two working days before digging to request utility line marking. "
    },
    {
        "question": "Does the city provide stormwater management education for developers?",
        "answer": "Yes, the city offers resources and guidance for stormwater management best practices to developers. Contact the Engineering Division for more details.  Traffic and Transportation"
    },
    {
        "question": "How can I request a four-way stop at an intersection?",
        "answer": "Submit a request to the Engineering Division for a traffic study to evaluate the need for a four-way stop. "
    },
    {
        "question": "What is the procedure for reporting damaged traffic barriers?",
        "answer": "Report damaged traffic barriers to the Maintenance Services Division at (562) 904-7194. "
    },
    {
        "question": "Can I request additional pedestrian crosswalks in my area?",
        "answer": "Yes, requests for pedestrian crosswalks can be made to the Engineering Division for review. "
    },
    {
        "question": "How does the city prioritize street resurfacing projects?",
        "answer": "The city prioritizes street resurfacing based on factors such as traffic volume, pavement condition, and available funding. "
    },
    {
        "question": "What should I do if a traffic sign is obscured by vegetation?",
        "answer": "Report obscured traffic signs to the Maintenance Services Division at (562) 904-7194.  Environmental Services"
    },
    {
        "question": "Does the city have stormwater pollution prevention programs?",
        "answer": "Yes, the City implements programs to reduce stormwater pollution, including public outreach and street sweeping. "
    },
    {
        "question": "Are rebates available for drought-resistant landscaping?",
        "answer": "Yes, rebates for drought-resistant landscaping are available through regional water conservation programs. Contact the Public Works Department for details. "
    },
    {
        "question": "How does the city promote energy efficiency?",
        "answer": "The City partners with local utilities to offer energy efficiency programs and workshops for residents and businesses. "
    },
    {
        "question": "Where can I find information about sustainable building practices?",
        "answer": "Sustainable building resources are available on the City’s website under the Public Works Environmental Services section.  General Information"
    },
    {
        "question": "What does the Public Works Department do?",
        "answer": "The Public Works Department manages the city’s infrastructure, including streets, water systems, stormwater systems, waste management, and public spaces. "
    },
    {
        "question": "How can I provide feedback about Public Works services?",
        "answer": "Feedback can be submitted online through the \"Contact Us\" page on the Public Works section of the City's website. "
    },
    {
        "question": "Are there public meetings about Public Works projects?",
        "answer": "Yes, public meetings are scheduled periodically for major Public Works projects. Check the City’s events calendar for details.  Utilities"
    },
    {
        "question": "How do I report discolored water?",
        "answer": "Report discolored water to the Utilities Division at (562) 904-7202 for investigation. "
    },
    {
        "question": "What should I do if I experience a sewer backup in my home?",
        "answer": "Contact the Utilities Division immediately at (562) 904-7202. Avoid using water until the issue is resolved. "
    },
    {
        "question": "Is there a way to calculate my water usage?",
        "answer": "Yes, water usage can be monitored through your water meter. Contact the Utilities Division for guidance on how to read your meter. "
    },
    {
        "question": "Does the city offer any programs to help conserve water?",
        "answer": "Yes, Downey provides water conservation tips and rebate programs for water-efficient appliances. Visit the Public Works website for more information. "
    },
    {
        "question": "How can I turn off the water supply in an emergency?",
        "answer": "Locate your main shut-off valve, typically near the meter, and turn it clockwise. Contact the Utilities Division for assistance if needed.  Maintenance Services"
    },
    {
        "question": "How do I request alley maintenance?",
        "answer": "Submit an alley maintenance request through the Maintenance Services Division at (562) 904-7194. "
    },
    {
        "question": "What is the process for reporting a damaged fire hydrant?",
        "answer": "Report damaged fire hydrants to the Utilities Division at (562) 904-7202. "
    },
    {
        "question": "How does the city address rodent issues in public areas?",
        "answer": "The Maintenance Services Division handles pest control in public areas. Contact them at (562) 904-7194 to report issues. "
    },
    {
        "question": "Are there city programs for maintaining vacant lots?",
        "answer": "Yes, the city ensures that vacant lots comply with property maintenance standards. Report concerns to Code Enforcement. "
    },
    {
        "question": "Who maintains the landscaping in city medians?",
        "answer": "The Maintenance Services Division is responsible for maintaining landscaping in city medians.  Trash and Recycling"
    },
    {
        "question": "What is the proper way to dispose of paint or chemicals?",
        "answer": "Paint and chemicals should be disposed of at a household hazardous waste collection event. Check the City’s website for the schedule. "
    },
    {
        "question": "Does the city offer any incentives for reducing waste?",
        "answer": "Yes, the city partners with regional programs to provide incentives such as discounts on composting bins. "
    },
    {
        "question": "What is the recycling contamination policy?",
        "answer": "Non-recyclable items placed in recycling bins may result in contamination fees. Refer to the city’s recycling guidelines for proper sorting. "
    },
    {
        "question": "Can I recycle old tires through city programs?",
        "answer": "Yes, the city hosts periodic tire recycling events. Contact Public Works for upcoming dates. "
    },
    {
        "question": "How do I dispose of large pieces of furniture?",
        "answer": "Large furniture can be disposed of through bulky item pickup. Contact Athens Services to schedule a collection.  Engineering"
    },
    {
        "question": "What are the city’s engineering design standards?",
        "answer": "Engineering design standards are detailed in the City’s Development Guidelines Manual, available online or through the Engineering Division. "
    },
    {
        "question": "Are there permits required for driveway widening?",
        "answer": "Yes, an encroachment permit is required for driveway widening. Contact the Engineering Division at (562) 904-7110. "
    },
    {
        "question": "How does the city handle drainage issues?",
        "answer": "Drainage issues are addressed through regular maintenance and improvement projects. Report issues to the Public Works Department. "
    },
    {
        "question": "What are the city’s requirements for new developments regarding utilities?",
        "answer": "Developers must comply with the City’s utility and infrastructure guidelines outlined by the Engineering Division. "
    },
    {
        "question": "How can I access maps of city infrastructure?",
        "answer": "Infrastructure maps are available upon request through the Engineering Division.  Traffic and Transportation"
    },
    {
        "question": "How does the city prioritize new streetlight installations?",
        "answer": "New streetlight installations are prioritized based on safety, traffic volume, and resident requests. "
    },
    {
        "question": "Are bike lanes available in Downey?",
        "answer": "Yes, Downey has designated bike lanes. Contact the Public Works Department for a map of bike routes. "
    },
    {
        "question": "What is the process for requesting speed limit adjustments?",
        "answer": "Speed limit adjustments require a traffic study conducted by the Engineering Division. "
    },
    {
        "question": "How do I report a damaged bus stop shelter?",
        "answer": "Report damaged bus stop shelters to the Maintenance Services Division at (562) 904-7194. "
    },
    {
        "question": "How can I request a traffic mirror at an intersection?",
        "answer": "Submit a request to the Engineering Division for evaluation of the intersection.  Environmental Services"
    },
    {
        "question": "What is the city doing to reduce greenhouse gas emissions?",
        "answer": "Downey has adopted a Climate Action Plan to reduce greenhouse gas emissions through energy efficiency and renewable energy programs. "
    },
    {
        "question": "Are there grants available for solar panel installations?",
        "answer": "Yes, the city participates in regional programs that offer grants or rebates for solar installations. "
    },
    {
        "question": "How can I report illegal dumping in storm drains?",
        "answer": "Report illegal dumping in storm drains to the Utilities Division at (562) 904-7202. "
    },
    {
        "question": "Does the city provide rain barrels for residents?",
        "answer": "Rain barrels are available for purchase through city-sponsored sustainability programs. "
    },
    {
        "question": "What educational programs does the city offer about sustainability?",
        "answer": "The Public Works Department hosts workshops and events focused on recycling, water conservation, and energy efficiency.  General Information"
    },
    {
        "question": "How can I request public records related to Public Works?",
        "answer": "Public records requests can be submitted online through the City Clerk's office or by visiting City Hall. "
    },
    {
        "question": "What is the role of the Public Works Department in emergency response?",
        "answer": "Public Works assists in emergency response by clearing roads, maintaining utility services, and supporting disaster recovery efforts. "
    },
    {
        "question": "Can I tour a Public Works facility?",
        "answer": "Tours may be available for educational or community groups. Contact the Public Works Department to inquire.  Utilities"
    },
    {
        "question": "Are there water restrictions in place for Downey residents?",
        "answer": "Water restrictions may be implemented during drought conditions. Visit the City’s website for current policies. "
    },
    {
        "question": "How does the city monitor water usage?",
        "answer": "Water usage is monitored through individual meters, which are read monthly to ensure accurate billing. "
    },
    {
        "question": "How do I report a water leak on my property?",
        "answer": "Contact the Utilities Division at (562) 904-7202 to report a suspected water leak. "
    },
    {
        "question": "Can I install a second water meter for irrigation?",
        "answer": "Yes, a second meter can be installed for irrigation purposes. Contact the Utilities Division for application details. "
    },
    {
        "question": "How do I test for water hardness in Downey?",
        "answer": "The city provides water quality reports, or you can purchase a testing kit from a local retailer.  Maintenance Services"
    },
    {
        "question": "How do I report overgrown trees blocking streetlights?",
        "answer": "Report overgrown trees to the Maintenance Services Division at (562) 904-7194. "
    },
    {
        "question": "Does the city provide mosquito abatement services?",
        "answer": "Mosquito abatement is managed in coordination with regional vector control agencies. Contact the Public Works Department for more information. "
    },
    {
        "question": "What should I do if I see a sinkhole forming on a street?",
        "answer": "Immediately report sinkholes to the Public Works Department at (562) 904-7102. "
    },
    {
        "question": "How does the city maintain storm drains?",
        "answer": "Storm drains are cleaned and inspected regularly by the Maintenance Services Division to prevent blockages. "
    },
    {
        "question": "Can residents request additional street cleaning?",
        "answer": "Additional street cleaning can be requested for special events or emergencies by contacting Maintenance Services.  Trash and Recycling"
    },
    {
        "question": "What is the proper way to dispose of batteries?",
        "answer": "Batteries should be taken to a household hazardous waste collection event or a designated drop-off location. "
    },
    {
        "question": "Are composting bins available for purchase through the city?",
        "answer": "Yes, the city offers composting bins at subsidized rates for residents. "
    },
    {
        "question": "Does the city provide recycling education for schools?",
        "answer": "Yes, the Public Works Department partners with local schools to offer recycling education programs. "
    },
    {
        "question": "How do I recycle old mattresses?",
        "answer": "Old mattresses can be recycled through the California Mattress Recycling Program. Check the City’s website for details. "
    },
    {
        "question": "Is curbside recycling mandatory in Downey?",
        "answer": "Yes, curbside recycling is part of the city’s waste management program, and participation is encouraged for all residents.  Engineering"
    },
    {
        "question": "Are there specific requirements for installing utility lines underground?",
        "answer": "Yes, utility line installation must comply with city and state regulations. Contact the Engineering Division for guidance. "
    },
    {
        "question": "How are sidewalk improvements prioritized?",
        "answer": "Sidewalk improvements are prioritized based on safety concerns, traffic volume, and available funding. "
    },
    {
        "question": "What is required for grading permits?",
        "answer": "Grading permits require submission of plans and compliance with city grading standards. "
    },
    {
        "question": "Can I request the installation of curb ramps for accessibility?",
        "answer": "Yes, requests for curb ramps can be submitted to the Engineering Division. "
    },
    {
        "question": "How do I access GIS maps for city infrastructure?",
        "answer": "GIS maps are available through the city’s website or by contacting the Engineering Division.  Traffic and Transportation"
    },
    {
        "question": "How can I report illegal parking on public streets?",
        "answer": "Report illegal parking to the Downey Police Department’s parking enforcement unit. "
    },
    {
        "question": "Does the city have carpool lanes?",
        "answer": "No, carpool lanes are managed by Caltrans and are not part of Downey’s city streets. "
    },
    {
        "question": "What should I do if I notice missing lane markings?",
        "answer": "Report missing or faded lane markings to the Public Works Department at (562) 904-7102. "
    },
    {
        "question": "How are pedestrian safety improvements implemented?",
        "answer": "The city conducts traffic studies and implements measures such as crosswalks, flashing beacons, and pedestrian signals. "
    },
    {
        "question": "Does the city maintain bike racks at public facilities?",
        "answer": "Yes, bike racks are installed and maintained at many city facilities and parks.  Environmental Services"
    },
    {
        "question": "What is the city’s policy on tree removal?",
        "answer": "Tree removal on public property requires approval from the Public Works Department. Private tree removal may require permits in some cases. "
    },
    {
        "question": "Are there rebates for replacing grass with drought-resistant landscaping?",
        "answer": "Yes, rebates are available through regional programs. Contact the Public Works Department for more information. "
    },
    {
        "question": "How does the city address air quality concerns?",
        "answer": "The city works with regional agencies to monitor and improve air quality through initiatives like reducing vehicle emissions. "
    },
    {
        "question": "Does the city use recycled water for irrigation?",
        "answer": "Yes, recycled water is used for irrigation in public spaces wherever possible. "
    },
    {
        "question": "How can I volunteer for environmental cleanup events?",
        "answer": "Volunteer opportunities for cleanup events are listed on the City’s website under the Public Works section.   General Information "
    },
    {
        "question": "How do I find employment opportunities with the Parks and Recreation Department?",
        "answer": "Employment opportunities are listed on the City’s website under the \"Human Resources\" section. "
    },
    {
        "question": "Does the department offer internships?",
        "answer": "Yes, internships may be available for students interested in parks, recreation, and public administration. Contact the department for details. "
    },
    {
        "question": "How can I provide feedback on my experience with a park or program?",
        "answer": "Feedback can be submitted through the Parks and Recreation Department’s contact form on the City’s website or by calling (562) 904-7238. "
    },
    {
        "question": "Does Downey Parks and Recreation collaborate with local schools?",
        "answer": "Yes, the department collaborates with local schools to offer joint-use facilities and community programs. "
    },
    {
        "question": "How can I get a copy of the Parks and Recreation activity guide?",
        "answer": "The activity guide is available online on the City’s website or in print at the Parks and Recreation office.  Parks and Facilities"
    },
    {
        "question": "Are playgrounds at Downey parks ADA accessible?",
        "answer": "Many playgrounds in Downey parks are ADA accessible. Contact the department for specific information about accessibility features. "
    },
    {
        "question": "Are sports fields available for rent?",
        "answer": "Yes, sports fields can be rented for practices, games, and tournaments. Contact the department for availability and fees. "
    },
    {
        "question": "Is Wi-Fi available in any parks?",
        "answer": "Some parks may offer public Wi-Fi. Contact the Parks and Recreation Department for details. "
    },
    {
        "question": "Are there restrooms available in all parks?",
        "answer": "Most parks have restrooms available during operating hours. "
    },
    {
        "question": "Are there walking or hiking trails in Downey parks?",
        "answer": "Yes, parks like Wilderness Park offer walking trails for public use.  Programs and Activities"
    },
    {
        "question": "Are music lessons available through the Parks and Recreation Department?",
        "answer": "Yes, music lessons are offered for various instruments and age groups. Check the current activity guide for details. "
    },
    {
        "question": "Are there job training programs for teens?",
        "answer": "The department offers teen leadership and job training programs. Contact the department for more details. "
    },
    {
        "question": "Does the City offer fitness boot camps?",
        "answer": "Yes, fitness boot camps are offered seasonally. Visit the City’s website for schedules and registration. "
    },
    {
        "question": "Are there any environmental education programs?",
        "answer": "Yes, the department offers programs focused on environmental awareness and sustainability, including nature walks and workshops. "
    },
    {
        "question": "Can I suggest new programs or activities to the Parks and Recreation Department?",
        "answer": "Yes, residents are encouraged to submit suggestions for new programs by contacting the department directly.  Registration and Fees"
    },
    {
        "question": "Are payment plans available for expensive programs?",
        "answer": "Payment plans may be available for select programs. Contact the department for more information. "
    },
    {
        "question": "Is financial assistance available for low-income families?",
        "answer": "Yes, financial assistance is available for qualifying families. Contact the Parks and Recreation Department to apply. "
    },
    {
        "question": "Can I transfer my registration to another class?",
        "answer": "Class transfers may be allowed before the start of the class. Contact the department for approval. "
    },
    {
        "question": "Do seniors receive discounts on program fees?",
        "answer": "Yes, seniors may qualify for discounted fees on select programs and classes. "
    },
    {
        "question": "What happens if a program is canceled by the department?",
        "answer": "If a program is canceled, participants will receive a full refund or the option to transfer to another program.  Special Events"
    },
    {
        "question": "Are there cultural festivals hosted by the City?",
        "answer": "Yes, Downey hosts cultural festivals, such as the International Food Festival. Check the events calendar for details. "
    },
    {
        "question": "How can I volunteer for special events?",
        "answer": "Volunteer opportunities for events are posted on the City’s website or can be inquired about by calling the department. "
    },
    {
        "question": "Are food trucks allowed at park events?",
        "answer": "Food trucks may be permitted at events with prior approval from the Parks and Recreation Department. "
    },
    {
        "question": "Does the City offer free concerts in the park?",
        "answer": "Yes, the City hosts free summer concerts in the park. Visit the Parks and Recreation events page for schedules. "
    },
    {
        "question": "Can I book a park for a private event like a wedding?",
        "answer": "Yes, certain parks and facilities can be booked for private events, including weddings. Contact the department for rental policies.  Environmental Initiatives"
    },
    {
        "question": "Does the department promote tree planting initiatives?",
        "answer": "Yes, the Parks and Recreation Department supports tree planting programs and hosts annual Arbor Day events. "
    },
    {
        "question": "Are there recycling bins in the parks?",
        "answer": "Yes, recycling bins are available in most parks to encourage sustainable waste management. "
    },
    {
        "question": "How can I participate in a park cleanup event?",
        "answer": "Park cleanup events are listed on the City’s website. You can also contact the department to join as a volunteer. "
    },
    {
        "question": "Does the City offer workshops on drought-tolerant landscaping?",
        "answer": "Yes, workshops on drought-tolerant landscaping and water conservation are offered seasonally. "
    },
    {
        "question": "Are solar-powered amenities used in Downey parks?",
        "answer": "Some parks feature solar-powered lighting and other sustainable technologies.   General Information"
    },
    {
        "question": "Are park hours the same for all parks in Downey?",
        "answer": "No, park hours vary. Most parks are open from dawn to dusk, but some may have extended or restricted hours. Check individual park details on the City’s website. "
    },
    {
        "question": "Is smoking allowed in Downey parks?",
        "answer": "No, smoking is prohibited in all Downey parks to ensure a safe and healthy environment. "
    },
    {
        "question": "Can I bring alcohol to a park for a picnic?",
        "answer": "No, alcohol is not allowed in Downey parks unless part of an approved permitted event. "
    },
    {
        "question": "How can I report vandalism in a park?",
        "answer": "Report vandalism by calling the Parks and Recreation Department at (562) 904-7238 or the Downey Police Department’s non-emergency line. "
    },
    {
        "question": "Does the City have a lost and found for items left in parks?",
        "answer": "Yes, lost items found in parks are turned into the Parks and Recreation office. Contact them to check for your item.  Parks and Facilities"
    },
    {
        "question": "Are there shaded areas for outdoor activities in Downey parks?",
        "answer": "Yes, many parks have shaded picnic areas and gazebos for public use or reservation. "
    },
    {
        "question": "Are dogs allowed in all Downey parks?",
        "answer": "Dogs are allowed in most parks but must be leashed at all times. Certain parks also have designated off-leash areas. "
    },
    {
        "question": "Is there a park that offers a splash pad or water play area?",
        "answer": "Yes, Discovery Sports Complex features a splash pad for children during the summer months. "
    },
    {
        "question": "Can I charge my electric vehicle at any park?",
        "answer": "Certain parks, such as Apollo Park, have electric vehicle charging stations. Contact the department for a list of locations. "
    },
    {
        "question": "Are there batting cages at any Downey parks?",
        "answer": "Yes, batting cages are available at Independence Park. Reservations may be required.  Programs and Activities"
    },
    {
        "question": "Are there programs for preschool-aged children?",
        "answer": "Yes, the Parks and Recreation Department offers preschool and early childhood development programs. "
    },
    {
        "question": "Does Downey offer cooking classes?",
        "answer": "Yes, cooking classes are offered seasonally for both children and adults. Check the activity guide for availability. "
    },
    {
        "question": "Are there any gardening programs?",
        "answer": "Yes, the department offers community gardening programs and workshops on sustainable gardening practices. "
    },
    {
        "question": "Does the City offer bilingual programs?",
        "answer": "Yes, some programs and classes are offered in English and Spanish. Contact the department for specific offerings. "
    },
    {
        "question": "Are there organized walking groups or clubs?",
        "answer": "Yes, organized walking groups meet regularly at various parks. Contact the department for schedules.  Registration and Fees"
    },
    {
        "question": "Can I register for multiple programs at once?",
        "answer": "Yes, you can register for multiple programs simultaneously, either online or in person. "
    },
    {
        "question": "What happens if I miss a class?",
        "answer": "Make-up classes are not guaranteed but may be offered based on instructor availability. Contact the department for details. "
    },
    {
        "question": "Are there additional fees for non-residents?",
        "answer": "Yes, non-residents may be charged higher fees for certain programs and facility rentals. "
    },
    {
        "question": "Is there a late payment penalty for program fees?",
        "answer": "Yes, late payments may incur additional fees. Refer to program guidelines for specifics. "
    },
    {
        "question": "Are refunds issued if a participant is unable to attend due to illness?",
        "answer": "Refunds for illness are considered on a case-by-case basis. Contact the department for assistance.  Special Events"
    },
    {
        "question": "Does Downey host an Easter egg hunt?",
        "answer": "Yes, the City organizes an annual Easter egg hunt at one of its parks. Check the events calendar for dates and locations. "
    },
    {
        "question": "Are there car shows held in Downey parks?",
        "answer": "Yes, classic car shows are occasionally hosted in Downey parks. Check the events calendar for details. "
    },
    {
        "question": "Does the City host nature-focused events or tours?",
        "answer": "Yes, the department offers nature walks and educational tours at parks like Wilderness Park. "
    },
    {
        "question": "Are there winter holiday light displays in any parks?",
        "answer": "Yes, select parks feature light displays during the holiday season. Check the events calendar for locations. "
    },
    {
        "question": "How do I participate in a Parks and Recreation community survey?",
        "answer": "Community surveys are conducted online and in person. Contact the department for information on upcoming surveys.  Environmental Initiatives"
    },
    {
        "question": "Does the department support wildlife conservation efforts?",
        "answer": "Yes, the department works to preserve local habitats and hosts wildlife education programs. "
    },
    {
        "question": "Can I donate trees to be planted in a park?",
        "answer": "Yes, the department offers a tree donation program for residents interested in supporting park beautification. "
    },
    {
        "question": "Does the City host clean water education programs?",
        "answer": "Yes, the department collaborates with local agencies to provide workshops on water conservation and pollution prevention. "
    },
    {
        "question": "Are solar-powered trash compactors used in Downey parks?",
        "answer": "Yes, some parks have installed solar-powered trash compactors to promote waste management efficiency. "
    },
    {
        "question": "How does the department handle invasive plant species in parks?",
        "answer": "The department actively removes invasive plants and promotes native vegetation through park maintenance programs.  General Information "
    },
    {
        "question": "What is the City of Downey App?",
        "answer": "The City of Downey App is a mobile application that connects residents with city services, allowing them to report issues, access transit updates, and stay informed about local events. "
    },
    {
        "question": "Is the City of Downey App free to use?",
        "answer": "Yes, the app is free to download and use, with no account registration required. "
    },
    {
        "question": "On which platforms is the City of Downey App available?",
        "answer": "The app is available on both Android and iOS devices. "
    },
    {
        "question": "How can I download the City of Downey App?",
        "answer": "You can download it from the Google Play Store or Apple App Store. "
    },
    {
        "question": "What services does the City of Downey App provide?",
        "answer": "The app allows users to report service issues, view city news, access Downey LINK transit information, and stay updated on community events.  Features and Functionality"
    },
    {
        "question": "Can I submit service requests through the app?",
        "answer": "Yes, the app allows users to submit service requests to the city without needing to log in. "
    },
    {
        "question": "How can I track the status of my service requests?",
        "answer": "The app provides updates on submitted service requests, accessible directly through its interface. "
    },
    {
        "question": "Does the app notify users about city news and events?",
        "answer": "Yes, the app sends notifications about news, upcoming events, and important updates. "
    },
    {
        "question": "Can I view Downey LINK Transit System schedules in the app?",
        "answer": "Yes, the app includes real-time transit schedules and a live bus map for Downey LINK routes. "
    },
    {
        "question": "Does the app offer multilingual support?",
        "answer": "While the app primarily supports English, it is designed to be user-friendly for residents with various language needs.  User Experience"
    },
    {
        "question": "Do I need an account to use the app?",
        "answer": "No, the app does not require accounts or login credentials to access its features. "
    },
    {
        "question": "Is the app easy to navigate?",
        "answer": "Yes, the app is designed with a simple and user-friendly interface for quick access to city services. "
    },
    {
        "question": "Can I customize notifications in the app?",
        "answer": "Yes, you can adjust notification settings to receive updates tailored to your interests. "
    },
    {
        "question": "How do I provide feedback about the app?",
        "answer": "The app includes a feedback feature that allows users to share suggestions or report issues directly to the city. "
    },
    {
        "question": "Are there tutorials for using the app?",
        "answer": "The app is intuitive, but additional guidance can be found on the City of Downey’s website if needed.  Technical Support"
    },
    {
        "question": "What should I do if the app stops working?",
        "answer": "If you encounter issues, try restarting the app or your device. For persistent problems, contact the city’s technical support. "
    },
    {
        "question": "How do I report bugs in the app?",
        "answer": "You can use the feedback feature in the app to report bugs or technical issues to the city. "
    },
    {
        "question": "Is the app compatible with all smartphones?",
        "answer": "The app works on most modern Android and iOS devices. Check the app store for specific compatibility details. "
    },
    {
        "question": "Does the app require frequent updates?",
        "answer": "Yes, updates are occasionally released to improve functionality and add features. It’s recommended to keep the app updated. "
    },
    {
        "question": "Does the app store any personal data?",
        "answer": "No, the app is designed to work without requiring user accounts or storing personal data.  Privacy and Security"
    },
    {
        "question": "Is my data secure when using the app?",
        "answer": "Since the app does not require accounts or personal information, there is minimal risk of data concerns. "
    },
    {
        "question": "Can I delete my service request history?",
        "answer": "Service request history can be cleared by uninstalling and reinstalling the app, as no accounts are tied to the data. "
    },
    {
        "question": "Are notifications anonymous?",
        "answer": "Yes, all notifications and interactions within the app are handled without user-specific identifiers. "
    },
    {
        "question": "Does the app integrate with other city systems?",
        "answer": "The app integrates seamlessly with city services like Downey LINK and city updates but does not require user logins. "
    },
    {
        "question": "How does the app ensure user privacy?",
        "answer": "The app does not collect personal data or require registration, prioritizing user privacy and ease of access.         "
    }
]